time_s,Cell0_mV,Cell1_mV,Cell2_mV,Cell3_mV,Cell4_mV,Cell5_mV,Cell6_mV,Cell7_mV,Cell8_mV,Cell9_mV,V_stack_V,Current_mA
0.0,66.0,0.0,0.0,444.0,382.0,524.0,430.0,697.0,177.0,314.0,3.034,655.0
1.0,39.0,0.0,0.0,388.0,336.0,463.0,372.0,554.0,165.0,241.0,2.558,629.0
2.0,31.0,0.0,0.0,361.0,319.0,436.0,345.0,497.0,158.0,218.0,2.365,621.0
3.0,25.0,0.0,0.0,346.0,311.0,420.0,327.0,463.0,151.0,200.0,2.243,613.0
4.0,25.0,0.0,0.0,329.0,302.0,407.0,317.0,441.0,143.0,187.0,2.151,611.0
5.0,18.0,0.0,0.0,326.0,299.0,395.0,306.0,420.0,143.0,182.0,2.089,603.0
6.0,22.0,0.0,0.0,316.0,292.0,387.0,299.0,407.0,138.0,172.0,2.033,603.0
7.0,22.0,0.0,0.0,311.0,290.0,381.0,292.0,390.0,135.0,167.0,1.988,598.0
8.0,20.0,0.0,0.0,305.0,288.0,375.0,284.0,379.0,134.0,163.0,1.948,594.0
9.0,16.0,0.0,0.0,303.0,283.0,365.0,278.0,371.0,132.0,158.0,1.906,592.0
10.0,16.0,0.0,0.0,299.0,284.0,361.0,275.0,359.0,131.0,155.0,1.88,595.0
11.0,17.0,0.0,0.0,296.0,280.0,356.0,271.0,351.0,129.0,152.0,1.852,593.0
12.0,21.0,0.0,0.0,291.0,281.0,351.0,267.0,343.0,128.0,150.0,1.832,590.0
13.0,17.0,0.0,0.0,289.0,280.0,346.0,263.0,336.0,127.0,148.0,1.806,592.0
14.0,18.0,0.0,0.0,289.0,279.0,346.0,260.0,328.0,125.0,144.0,1.789,589.0
15.0,20.0,0.0,0.0,284.0,277.0,343.0,257.0,322.0,126.0,142.0,1.771,586.0
16.0,19.0,0.0,0.0,280.0,275.0,340.0,256.0,314.0,125.0,140.0,1.749,585.0
17.0,19.0,0.0,0.0,278.0,274.0,337.0,256.0,312.0,124.0,138.0,1.738,581.0
18.0,19.0,0.0,0.0,275.0,274.0,333.0,252.0,307.0,124.0,136.0,1.72,588.0
19.0,18.0,0.0,0.0,277.0,270.0,329.0,249.0,301.0,127.0,136.0,1.707,585.0
20.0,16.0,0.0,0.0,275.0,274.0,329.0,246.0,295.0,127.0,134.0,1.696,584.0
21.0,19.0,0.0,0.0,272.0,272.0,324.0,248.0,289.0,126.0,133.0,1.683,582.0
22.0,18.0,0.0,0.0,270.0,270.0,323.0,245.0,287.0,126.0,131.0,1.67,586.0
23.0,17.0,0.0,0.0,271.0,269.0,322.0,242.0,281.0,128.0,133.0,1.663,584.0
24.0,19.0,0.0,0.0,270.0,272.0,324.0,242.0,277.0,128.0,131.0,1.663,582.0
25.0,20.0,0.0,0.0,267.0,270.0,320.0,241.0,276.0,126.0,127.0,1.647,580.0
26.0,20.0,0.0,0.0,269.0,269.0,318.0,234.0,270.0,130.0,129.0,1.639,580.0
27.0,18.0,0.0,0.0,267.0,271.0,320.0,237.0,267.0,130.0,129.0,1.639,582.0
28.0,20.0,0.0,0.0,264.0,270.0,313.0,236.0,265.0,128.0,127.0,1.623,582.0
29.0,18.0,0.0,0.0,266.0,267.0,315.0,236.0,261.0,131.0,129.0,1.623,584.0
30.0,14.0,0.0,0.0,264.0,271.0,313.0,233.0,257.0,132.0,127.0,1.611,583.0
31.0,19.0,0.0,0.0,260.0,269.0,315.0,236.0,256.0,129.0,123.0,1.607,582.0
32.0,18.0,0.0,0.0,263.0,268.0,311.0,232.0,252.0,134.0,129.0,1.607,583.0
33.0,21.0,0.0,0.0,262.0,268.0,314.0,234.0,247.0,131.0,129.0,1.606,584.0
34.0,18.0,0.0,0.0,260.0,268.0,311.0,230.0,246.0,136.0,124.0,1.593,584.0
35.0,17.0,0.0,0.0,261.0,269.0,313.0,229.0,241.0,134.0,127.0,1.591,580.0
36.0,19.0,0.0,0.0,258.0,267.0,311.0,230.0,242.0,137.0,124.0,1.588,584.0
37.0,17.0,0.0,0.0,262.0,270.0,309.0,228.0,238.0,136.0,126.0,1.586,583.0
38.0,19.0,0.0,0.0,256.0,267.0,309.0,228.0,233.0,138.0,124.0,1.574,584.0
39.0,21.0,0.0,0.0,257.0,269.0,309.0,227.0,232.0,137.0,125.0,1.577,580.0
40.0,15.0,0.0,0.0,259.0,268.0,308.0,227.0,230.0,139.0,127.0,1.573,583.0
41.0,20.0,0.0,0.0,255.0,268.0,310.0,228.0,225.0,137.0,125.0,1.568,577.0
42.0,16.0,0.0,0.0,257.0,268.0,308.0,225.0,229.0,139.0,126.0,1.568,582.0
43.0,20.0,0.0,0.0,254.0,267.0,307.0,227.0,227.0,137.0,124.0,1.563,580.0
44.0,16.0,0.0,0.0,256.0,268.0,309.0,224.0,223.0,141.0,126.0,1.563,583.0
45.0,19.0,0.0,0.0,252.0,267.0,308.0,223.0,223.0,142.0,123.0,1.557,582.0
46.0,14.0,0.0,0.0,255.0,268.0,308.0,223.0,219.0,139.0,126.0,1.552,581.0
47.0,15.0,0.0,0.0,248.0,266.0,307.0,225.0,219.0,143.0,123.0,1.546,582.0
48.0,19.0,0.0,0.0,254.0,268.0,308.0,223.0,214.0,141.0,123.0,1.55,581.0
49.0,18.0,0.0,0.0,255.0,265.0,306.0,223.0,214.0,145.0,125.0,1.551,583.0
50.0,20.0,0.0,0.0,249.0,267.0,308.0,222.0,210.0,143.0,124.0,1.543,582.0
51.0,17.0,0.0,0.0,253.0,267.0,304.0,220.0,210.0,146.0,121.0,1.538,581.0
52.0,19.0,0.0,0.0,250.0,267.0,307.0,222.0,204.0,144.0,123.0,1.536,582.0
53.0,16.0,0.0,0.0,253.0,270.0,307.0,219.0,207.0,147.0,125.0,1.544,582.0
54.0,17.0,0.0,0.0,251.0,265.0,305.0,220.0,207.0,147.0,119.0,1.531,583.0
55.0,20.0,0.0,0.0,250.0,266.0,307.0,220.0,199.0,146.0,124.0,1.532,579.0
56.0,17.0,0.0,0.0,251.0,264.0,304.0,216.0,203.0,149.0,126.0,1.53,582.0
57.0,19.0,0.0,0.0,248.0,266.0,305.0,219.0,200.0,147.0,123.0,1.527,577.0
58.0,16.0,0.0,0.0,247.0,266.0,305.0,217.0,198.0,149.0,125.0,1.523,581.0
59.0,18.0,0.0,0.0,248.0,265.0,305.0,218.0,199.0,147.0,125.0,1.525,584.0
60.0,17.0,0.0,0.0,247.0,266.0,308.0,216.0,194.0,149.0,124.0,1.521,582.0
61.0,14.0,0.0,0.0,250.0,263.0,303.0,216.0,192.0,152.0,125.0,1.515,581.0
62.0,19.0,0.0,0.0,245.0,264.0,305.0,217.0,196.0,147.0,123.0,1.516,582.0
63.0,17.0,0.0,0.0,247.0,267.0,307.0,213.0,192.0,152.0,125.0,1.52,580.0
64.0,17.0,0.0,0.0,248.0,261.0,304.0,214.0,192.0,153.0,124.0,1.513,582.0
65.0,18.0,0.0,0.0,243.0,265.0,306.0,216.0,192.0,151.0,121.0,1.512,582.0
66.0,16.0,0.0,0.0,243.0,269.0,306.0,213.0,187.0,152.0,124.0,1.51,579.0
67.0,15.0,0.0,0.0,246.0,267.0,300.0,212.0,189.0,154.0,124.0,1.507,578.0
68.0,17.0,0.0,0.0,246.0,263.0,303.0,213.0,187.0,156.0,124.0,1.509,581.0
69.0,18.0,0.0,0.0,245.0,265.0,304.0,214.0,182.0,153.0,123.0,1.504,579.0
70.0,18.0,0.0,0.0,244.0,266.0,305.0,211.0,180.0,154.0,124.0,1.502,578.0
71.0,16.0,0.0,0.0,242.0,264.0,303.0,211.0,182.0,156.0,125.0,1.499,580.0
72.0,16.0,0.0,0.0,242.0,262.0,304.0,211.0,182.0,156.0,121.0,1.494,585.0
73.0,17.0,0.0,0.0,239.0,265.0,301.0,211.0,182.0,154.0,122.0,1.491,579.0
74.0,19.0,0.0,0.0,242.0,265.0,306.0,210.0,177.0,156.0,124.0,1.499,578.0
75.0,15.0,0.0,0.0,242.0,266.0,303.0,205.0,177.0,158.0,124.0,1.49,579.0
76.0,15.0,0.0,0.0,242.0,263.0,303.0,208.0,177.0,158.0,124.0,1.49,583.0
77.0,15.0,0.0,0.0,237.0,263.0,301.0,208.0,176.0,158.0,121.0,1.479,581.0
78.0,17.0,0.0,0.0,239.0,262.0,305.0,207.0,176.0,158.0,122.0,1.486,582.0
79.0,17.0,0.0,0.0,237.0,263.0,305.0,208.0,174.0,154.0,122.0,1.48,579.0
80.0,18.0,0.0,0.0,239.0,264.0,304.0,205.0,171.0,158.0,123.0,1.482,579.0
81.0,14.0,0.0,0.0,239.0,265.0,301.0,205.0,171.0,160.0,121.0,1.476,580.0
82.0,15.0,0.0,0.0,239.0,264.0,301.0,206.0,171.0,160.0,125.0,1.481,581.0
83.0,12.0,0.0,0.0,240.0,262.0,303.0,206.0,170.0,162.0,123.0,1.478,580.0
84.0,17.0,0.0,0.0,236.0,263.0,305.0,202.0,169.0,159.0,122.0,1.473,580.0
85.0,17.0,0.0,0.0,237.0,263.0,305.0,205.0,164.0,160.0,123.0,1.474,579.0
86.0,15.0,0.0,0.0,237.0,263.0,305.0,204.0,165.0,160.0,123.0,1.472,579.0
87.0,15.0,0.0,0.0,237.0,264.0,306.0,202.0,164.0,159.0,123.0,1.47,577.0
88.0,10.0,0.0,0.0,236.0,263.0,304.0,202.0,163.0,161.0,119.0,1.458,578.0
89.0,13.0,0.0,0.0,236.0,263.0,302.0,201.0,163.0,163.0,123.0,1.464,581.0
90.0,12.0,0.0,0.0,233.0,263.0,303.0,201.0,161.0,163.0,124.0,1.46,580.0
91.0,12.0,0.0,0.0,235.0,263.0,302.0,199.0,158.0,163.0,124.0,1.456,579.0
92.0,14.0,0.0,0.0,233.0,262.0,305.0,200.0,159.0,163.0,123.0,1.459,579.0
93.0,13.0,0.0,0.0,234.0,262.0,305.0,197.0,156.0,166.0,122.0,1.455,578.0
94.0,16.0,0.0,0.0,232.0,260.0,304.0,202.0,156.0,165.0,123.0,1.458,578.0
95.0,16.0,0.0,0.0,230.0,261.0,303.0,200.0,158.0,158.0,120.0,1.446,572.0
96.0,15.0,0.0,0.0,231.0,259.0,301.0,199.0,157.0,165.0,120.0,1.447,579.0
97.0,14.0,0.0,0.0,233.0,261.0,301.0,198.0,156.0,166.0,124.0,1.453,579.0
98.0,14.0,0.0,0.0,230.0,261.0,304.0,196.0,154.0,165.0,123.0,1.447,578.0
99.0,14.0,0.0,0.0,230.0,260.0,303.0,199.0,149.0,164.0,121.0,1.44,577.0
100.0,14.0,0.0,0.0,230.0,257.0,303.0,198.0,154.0,168.0,120.0,1.444,580.0
101.0,13.0,0.0,0.0,231.0,261.0,297.0,196.0,152.0,167.0,122.0,1.439,580.0
102.0,11.0,0.0,0.0,230.0,261.0,302.0,194.0,150.0,165.0,123.0,1.436,579.0
103.0,16.0,0.0,0.0,229.0,260.0,304.0,198.0,146.0,165.0,122.0,1.44,577.0
104.0,14.0,0.0,0.0,226.0,258.0,302.0,197.0,150.0,165.0,121.0,1.433,580.0
105.0,13.0,0.0,0.0,230.0,259.0,300.0,192.0,149.0,167.0,124.0,1.434,579.0
106.0,14.0,0.0,0.0,229.0,261.0,304.0,195.0,146.0,167.0,123.0,1.439,577.0
107.0,15.0,0.0,0.0,226.0,258.0,302.0,196.0,149.0,165.0,120.0,1.431,578.0
108.0,13.0,0.0,0.0,228.0,259.0,301.0,191.0,147.0,169.0,123.0,1.431,578.0
109.0,14.0,0.0,0.0,227.0,260.0,304.0,193.0,145.0,168.0,121.0,1.432,578.0
110.0,15.0,0.0,0.0,225.0,258.0,300.0,195.0,146.0,167.0,121.0,1.427,579.0
111.0,13.0,0.0,0.0,226.0,257.0,301.0,191.0,145.0,170.0,119.0,1.422,578.0
112.0,13.0,0.0,0.0,227.0,260.0,299.0,191.0,140.0,170.0,124.0,1.424,576.0
113.0,8.0,0.0,0.0,225.0,257.0,300.0,191.0,142.0,169.0,122.0,1.414,577.0
114.0,12.0,0.0,0.0,224.0,257.0,302.0,193.0,142.0,167.0,121.0,1.418,574.0
115.0,14.0,0.0,0.0,224.0,256.0,297.0,192.0,143.0,172.0,118.0,1.416,576.0
116.0,11.0,0.0,0.0,225.0,258.0,300.0,190.0,139.0,171.0,123.0,1.417,579.0
117.0,11.0,0.0,0.0,224.0,258.0,301.0,187.0,139.0,170.0,121.0,1.411,576.0
118.0,15.0,0.0,0.0,223.0,257.0,302.0,190.0,137.0,169.0,120.0,1.413,576.0
119.0,13.0,0.0,0.0,219.0,256.0,300.0,190.0,140.0,168.0,121.0,1.407,579.0
120.0,12.0,0.0,0.0,223.0,255.0,299.0,189.0,138.0,172.0,123.0,1.411,578.0
121.0,14.0,0.0,0.0,222.0,255.0,302.0,187.0,136.0,170.0,122.0,1.408,577.0
122.0,14.0,0.0,0.0,221.0,256.0,303.0,188.0,138.0,169.0,115.0,1.404,579.0
123.0,11.0,0.0,0.0,222.0,257.0,299.0,186.0,135.0,172.0,123.0,1.405,576.0
124.0,12.0,0.0,0.0,218.0,253.0,300.0,189.0,136.0,170.0,120.0,1.398,578.0
125.0,11.0,0.0,0.0,220.0,257.0,300.0,186.0,133.0,173.0,122.0,1.402,576.0
126.0,13.0,0.0,0.0,218.0,255.0,301.0,187.0,135.0,169.0,118.0,1.396,574.0
127.0,9.0,0.0,0.0,220.0,256.0,298.0,179.0,131.0,172.0,123.0,1.388,576.0
128.0,13.0,0.0,0.0,219.0,254.0,297.0,187.0,134.0,173.0,119.0,1.396,578.0
129.0,14.0,0.0,0.0,218.0,258.0,301.0,185.0,129.0,172.0,121.0,1.398,574.0
130.0,9.0,0.0,0.0,220.0,256.0,297.0,184.0,131.0,171.0,122.0,1.39,576.0
131.0,13.0,0.0,0.0,219.0,253.0,299.0,184.0,131.0,175.0,120.0,1.394,577.0
132.0,12.0,0.0,0.0,217.0,254.0,301.0,185.0,129.0,171.0,122.0,1.391,574.0
133.0,10.0,0.0,0.0,217.0,255.0,298.0,182.0,128.0,173.0,122.0,1.385,574.0
134.0,11.0,0.0,0.0,218.0,252.0,299.0,180.0,128.0,175.0,121.0,1.384,575.0
135.0,13.0,0.0,0.0,216.0,254.0,300.0,185.0,128.0,173.0,121.0,1.39,576.0
136.0,9.0,0.0,0.0,216.0,257.0,297.0,181.0,125.0,174.0,122.0,1.381,576.0
137.0,12.0,0.0,0.0,216.0,245.0,298.0,182.0,128.0,175.0,122.0,1.378,580.0
138.0,12.0,0.0,0.0,210.0,254.0,299.0,183.0,128.0,174.0,120.0,1.38,579.0
139.0,13.0,0.0,0.0,215.0,254.0,300.0,180.0,124.0,174.0,118.0,1.378,576.0
140.0,9.0,0.0,0.0,215.0,252.0,299.0,180.0,124.0,174.0,119.0,1.372,575.0
141.0,11.0,0.0,0.0,215.0,252.0,298.0,182.0,125.0,176.0,123.0,1.382,579.0
142.0,13.0,0.0,0.0,211.0,250.0,299.0,181.0,124.0,175.0,120.0,1.373,578.0
143.0,14.0,0.0,0.0,213.0,252.0,298.0,180.0,122.0,173.0,118.0,1.37,575.0
144.0,11.0,0.0,0.0,213.0,254.0,294.0,180.0,123.0,176.0,123.0,1.374,576.0
145.0,12.0,0.0,0.0,211.0,251.0,298.0,181.0,123.0,176.0,118.0,1.37,576.0
146.0,12.0,0.0,0.0,211.0,252.0,299.0,182.0,119.0,175.0,121.0,1.371,572.0
147.0,10.0,0.0,0.0,214.0,252.0,296.0,179.0,121.0,176.0,122.0,1.37,573.0
148.0,12.0,0.0,0.0,210.0,250.0,297.0,180.0,122.0,177.0,118.0,1.366,577.0
149.0,12.0,0.0,0.0,208.0,250.0,299.0,180.0,120.0,175.0,120.0,1.364,573.0
150.0,11.0,0.0,0.0,212.0,252.0,297.0,177.0,118.0,177.0,121.0,1.365,574.0
151.0,10.0,0.0,0.0,212.0,251.0,296.0,177.0,121.0,177.0,123.0,1.367,576.0
152.0,12.0,0.0,0.0,209.0,250.0,297.0,179.0,122.0,175.0,120.0,1.364,575.0
153.0,10.0,0.0,0.0,210.0,251.0,299.0,178.0,116.0,177.0,121.0,1.362,575.0
154.0,10.0,0.0,0.0,212.0,249.0,294.0,177.0,118.0,178.0,123.0,1.361,576.0
155.0,11.0,0.0,0.0,207.0,249.0,295.0,177.0,118.0,177.0,119.0,1.353,578.0
156.0,11.0,0.0,0.0,209.0,251.0,297.0,178.0,116.0,179.0,121.0,1.362,574.0
157.0,9.0,0.0,0.0,210.0,250.0,299.0,172.0,115.0,178.0,122.0,1.355,574.0
158.0,9.0,0.0,0.0,207.0,248.0,296.0,176.0,116.0,179.0,125.0,1.356,575.0
159.0,10.0,0.0,0.0,213.0,249.0,296.0,175.0,115.0,179.0,121.0,1.358,577.0
160.0,12.0,0.0,0.0,207.0,249.0,297.0,177.0,116.0,179.0,120.0,1.357,577.0
161.0,12.0,0.0,0.0,207.0,248.0,297.0,177.0,112.0,176.0,121.0,1.35,573.0
162.0,13.0,0.0,0.0,206.0,250.0,301.0,175.0,112.0,178.0,121.0,1.356,574.0
163.0,10.0,0.0,0.0,207.0,249.0,299.0,173.0,112.0,179.0,122.0,1.351,574.0
164.0,9.0,0.0,0.0,210.0,250.0,295.0,174.0,111.0,180.0,122.0,1.351,574.0
165.0,10.0,0.0,0.0,208.0,249.0,295.0,173.0,112.0,180.0,121.0,1.348,574.0
166.0,11.0,0.0,0.0,208.0,247.0,294.0,174.0,112.0,180.0,122.0,1.348,574.0
167.0,10.0,0.0,0.0,204.0,247.0,296.0,172.0,113.0,178.0,118.0,1.338,576.0
168.0,10.0,0.0,0.0,204.0,247.0,295.0,175.0,109.0,178.0,120.0,1.338,572.0
169.0,13.0,0.0,0.0,205.0,247.0,298.0,174.0,110.0,179.0,121.0,1.347,572.0
170.0,14.0,0.0,0.0,205.0,249.0,298.0,172.0,109.0,180.0,122.0,1.349,571.0
171.0,9.0,0.0,0.0,205.0,249.0,296.0,171.0,106.0,180.0,122.0,1.338,572.0
172.0,12.0,0.0,0.0,206.0,249.0,294.0,172.0,109.0,181.0,123.0,1.346,574.0
173.0,10.0,0.0,0.0,206.0,246.0,294.0,172.0,111.0,182.0,123.0,1.344,575.0
174.0,10.0,0.0,0.0,205.0,246.0,294.0,171.0,109.0,180.0,123.0,1.338,574.0
175.0,7.0,0.0,0.0,203.0,249.0,295.0,169.0,109.0,181.0,122.0,1.335,572.0
176.0,7.0,0.0,0.0,205.0,249.0,297.0,169.0,107.0,180.0,120.0,1.334,572.0
177.0,12.0,0.0,0.0,204.0,247.0,297.0,170.0,106.0,181.0,117.0,1.334,571.0
178.0,13.0,0.0,0.0,203.0,247.0,295.0,171.0,105.0,177.0,121.0,1.332,572.0
179.0,12.0,0.0,0.0,203.0,247.0,297.0,171.0,102.0,180.0,122.0,1.334,571.0
180.0,13.0,0.0,0.0,202.0,246.0,294.0,172.0,105.0,180.0,120.0,1.332,573.0
181.0,15.0,0.0,0.0,201.0,244.0,295.0,172.0,107.0,178.0,119.0,1.331,575.0
182.0,11.0,0.0,0.0,202.0,245.0,295.0,171.0,106.0,183.0,119.0,1.332,575.0
183.0,11.0,0.0,0.0,202.0,244.0,295.0,170.0,106.0,184.0,119.0,1.331,574.0
184.0,10.0,0.0,0.0,203.0,245.0,293.0,169.0,104.0,181.0,123.0,1.328,575.0
185.0,11.0,0.0,0.0,203.0,243.0,294.0,170.0,105.0,183.0,121.0,1.33,575.0
186.0,10.0,0.0,0.0,202.0,247.0,293.0,169.0,103.0,183.0,121.0,1.328,571.0
187.0,4.0,0.0,0.0,200.0,246.0,295.0,165.0,102.0,181.0,122.0,1.315,571.0
188.0,13.0,0.0,0.0,201.0,246.0,296.0,169.0,101.0,182.0,120.0,1.328,573.0
189.0,11.0,0.0,0.0,200.0,247.0,295.0,170.0,101.0,181.0,122.0,1.327,573.0
190.0,12.0,0.0,0.0,198.0,244.0,295.0,169.0,104.0,181.0,120.0,1.323,572.0
191.0,11.0,0.0,0.0,200.0,243.0,294.0,166.0,103.0,184.0,121.0,1.322,572.0
192.0,10.0,0.0,0.0,202.0,245.0,293.0,168.0,103.0,184.0,122.0,1.327,574.0
193.0,9.0,0.0,0.0,200.0,246.0,294.0,165.0,101.0,183.0,121.0,1.319,572.0
194.0,13.0,0.0,0.0,199.0,245.0,294.0,168.0,98.0,183.0,121.0,1.321,572.0
195.0,13.0,0.0,0.0,198.0,244.0,295.0,168.0,103.0,182.0,121.0,1.324,574.0
196.0,11.0,0.0,0.0,199.0,243.0,290.0,167.0,102.0,185.0,119.0,1.316,575.0
197.0,9.0,0.0,0.0,199.0,246.0,293.0,164.0,100.0,184.0,123.0,1.318,572.0
198.0,13.0,0.0,0.0,199.0,242.0,295.0,169.0,100.0,183.0,122.0,1.323,572.0
199.0,11.0,0.0,0.0,195.0,240.0,293.0,167.0,100.0,185.0,118.0,1.309,575.0
200.0,14.0,0.0,0.0,194.0,239.0,295.0,167.0,98.0,183.0,122.0,1.312,572.0
201.0,12.0,0.0,0.0,200.0,243.0,294.0,166.0,100.0,185.0,121.0,1.321,576.0
202.0,14.0,0.0,0.0,198.0,243.0,295.0,167.0,98.0,184.0,123.0,1.322,572.0
203.0,12.0,0.0,0.0,195.0,242.0,293.0,167.0,99.0,185.0,122.0,1.315,574.0
204.0,9.0,0.0,0.0,198.0,244.0,294.0,166.0,97.0,184.0,123.0,1.315,572.0
205.0,11.0,0.0,0.0,196.0,243.0,294.0,167.0,97.0,181.0,121.0,1.31,575.0
206.0,10.0,0.0,0.0,198.0,244.0,293.0,164.0,97.0,185.0,123.0,1.314,572.0
207.0,10.0,0.0,0.0,195.0,241.0,293.0,166.0,97.0,185.0,122.0,1.309,575.0
208.0,13.0,0.0,0.0,197.0,244.0,295.0,163.0,95.0,184.0,122.0,1.313,573.0
209.0,11.0,0.0,0.0,198.0,241.0,292.0,165.0,97.0,185.0,124.0,1.313,574.0
210.0,13.0,0.0,0.0,195.0,243.0,294.0,168.0,98.0,183.0,122.0,1.316,573.0
211.0,10.0,0.0,0.0,200.0,241.0,294.0,162.0,95.0,186.0,124.0,1.312,572.0
212.0,11.0,0.0,0.0,196.0,241.0,293.0,165.0,96.0,186.0,118.0,1.306,572.0
213.0,14.0,0.0,0.0,196.0,240.0,295.0,167.0,92.0,185.0,122.0,1.311,571.0
214.0,10.0,0.0,0.0,197.0,242.0,292.0,165.0,95.0,187.0,125.0,1.313,572.0
215.0,12.0,0.0,0.0,194.0,241.0,294.0,166.0,94.0,185.0,122.0,1.308,570.0
216.0,10.0,0.0,0.0,196.0,243.0,289.0,163.0,96.0,184.0,122.0,1.303,573.0
217.0,15.0,0.0,0.0,194.0,241.0,293.0,166.0,95.0,186.0,122.0,1.312,574.0
218.0,13.0,0.0,0.0,195.0,243.0,296.0,163.0,94.0,187.0,123.0,1.314,573.0
219.0,8.0,0.0,0.0,196.0,239.0,291.0,163.0,95.0,188.0,123.0,1.303,570.0
220.0,15.0,0.0,0.0,195.0,240.0,293.0,166.0,93.0,186.0,123.0,1.311,571.0
221.0,12.0,0.0,0.0,196.0,236.0,291.0,162.0,94.0,187.0,124.0,1.302,573.0
222.0,14.0,0.0,0.0,194.0,241.0,295.0,164.0,94.0,185.0,122.0,1.309,569.0
223.0,12.0,0.0,0.0,195.0,243.0,291.0,163.0,94.0,188.0,125.0,1.311,572.0
224.0,13.0,0.0,0.0,192.0,240.0,293.0,165.0,95.0,183.0,123.0,1.304,573.0
225.0,10.0,0.0,0.0,194.0,243.0,293.0,162.0,92.0,187.0,123.0,1.304,573.0
226.0,13.0,0.0,0.0,191.0,239.0,292.0,163.0,94.0,189.0,119.0,1.3,574.0
227.0,14.0,0.0,0.0,193.0,239.0,294.0,165.0,91.0,186.0,123.0,1.305,571.0
228.0,9.0,0.0,0.0,190.0,242.0,291.0,162.0,91.0,188.0,125.0,1.298,574.0
229.0,13.0,0.0,0.0,191.0,240.0,292.0,163.0,93.0,190.0,122.0,1.304,575.0
230.0,13.0,0.0,0.0,194.0,239.0,294.0,164.0,90.0,187.0,124.0,1.305,573.0
231.0,12.0,0.0,0.0,195.0,241.0,289.0,162.0,92.0,187.0,123.0,1.301,575.0
232.0,14.0,0.0,0.0,190.0,239.0,292.0,163.0,93.0,188.0,121.0,1.3,575.0
233.0,15.0,0.0,0.0,193.0,241.0,294.0,164.0,90.0,186.0,125.0,1.308,573.0
234.0,9.0,0.0,0.0,193.0,241.0,294.0,161.0,89.0,188.0,126.0,1.301,573.0
235.0,11.0,0.0,0.0,194.0,240.0,289.0,162.0,91.0,190.0,126.0,1.303,574.0
236.0,12.0,0.0,0.0,191.0,240.0,291.0,164.0,92.0,189.0,125.0,1.304,576.0
237.0,14.0,0.0,0.0,192.0,240.0,292.0,164.0,90.0,187.0,123.0,1.302,571.0
238.0,13.0,0.0,0.0,193.0,241.0,292.0,158.0,88.0,189.0,126.0,1.3,573.0
239.0,9.0,0.0,0.0,194.0,242.0,290.0,162.0,91.0,190.0,127.0,1.305,575.0
240.0,15.0,0.0,0.0,192.0,239.0,292.0,162.0,91.0,190.0,123.0,1.304,574.0
241.0,15.0,0.0,0.0,191.0,239.0,292.0,163.0,89.0,188.0,123.0,1.3,575.0
242.0,15.0,0.0,0.0,192.0,241.0,293.0,161.0,87.0,189.0,126.0,1.304,574.0
243.0,13.0,0.0,0.0,193.0,241.0,289.0,162.0,90.0,190.0,126.0,1.304,575.0
244.0,12.0,0.0,0.0,193.0,239.0,290.0,161.0,90.0,190.0,126.0,1.301,574.0
245.0,14.0,0.0,0.0,192.0,238.0,291.0,161.0,90.0,190.0,125.0,1.301,573.0
246.0,18.0,0.0,0.0,190.0,239.0,291.0,163.0,90.0,190.0,124.0,1.305,574.0
247.0,16.0,0.0,0.0,190.0,239.0,292.0,160.0,88.0,189.0,125.0,1.299,566.0
248.0,17.0,0.0,0.0,191.0,240.0,292.0,163.0,85.0,188.0,126.0,1.302,570.0
249.0,15.0,0.0,0.0,191.0,240.0,293.0,159.0,86.0,190.0,126.0,1.3,573.0
250.0,12.0,0.0,0.0,191.0,243.0,289.0,158.0,88.0,190.0,125.0,1.296,572.0
